{"cameraMode":{"drawMode":0,"name":"Shaded","section":"Shading Mode"},"sceneLighting":true,"audioPlay":false,"sceneViewState":{"showFog":true,"showMaterialUpdate":false,"showSkybox":true,"showFlares":true,"showImageEffects":true,"showParticleSystems":true},"in2DMode":false,"pivot":{"x":-12.447019577026368,"y":-6.832179069519043,"z":-0.2796895205974579},"rotation":{"x":0.21911416947841645,"y":-0.5386103391647339,"z":0.1475062519311905,"w":0.8000872731208801},"size":29.076980590820314,"orthographic":false}