{"cameraMode":{"drawMode":0,"name":"Shaded","section":"Shading Mode"},"sceneLighting":true,"audioPlay":false,"sceneViewState":{"showFog":true,"showMaterialUpdate":false,"showSkybox":true,"showFlares":true,"showImageEffects":true,"showParticleSystems":true},"in2DMode":false,"pivot":{"x":6.770881652832031,"y":1.385048508644104,"z":-8.247783660888672},"rotation":{"x":0.05153018981218338,"y":0.7704086303710938,"z":-0.06277985870838165,"w":0.6323584318161011},"size":10.469592094421387,"orthographic":false}